,LAT,LON
,33.9391,67.7100
,33.9391,67.7100
,33.9391,67.7100
,33.9391,67.7100
,33.9391,67.7100
,33.9391,67.7100
,33.9391,67.7100
,33.9391,67.7100
,41.1533,20.1683
,41.1533,20.1683
,41.1533,20.1683
,41.1533,20.1683
,41.1533,20.1683
,41.1533,20.1683
,41.1533,20.1683
,41.1533,20.1683
,41.1533,20.1683
,28.0339,1.6596
,28.0339,1.6596
,28.0339,1.6596
,28.0339,1.6596
,28.0339,1.6596
,28.0339,1.6596
,28.0339,1.6596
,28.0339,1.6596
,28.0339,1.6596
,28.0339,1.6596
,28.0339,1.6596
,42.5063,-1.5218
,42.5063,-1.5218
,42.5063,-1.5218
,42.5063,-1.5218
,42.5063,-1.5218
,42.5063,-1.5218
,42.5063,-1.5218
,42.5063,-1.5218
,42.5063,-1.5218
,42.5063,-1.5218
,42.5063,-1.5218
,42.5063,-1.5218
,42.5063,-1.5218
,42.5063,-1.5218
,42.5063,-1.5218
,42.5063,-1.5218
,42.5063,-1.5218
,42.5063,-1.5218
,42.5063,-1.5218
,42.5063,-1.5218
,42.5063,-1.5218
,42.5063,-1.5218
,42.5063,-1.5218
,42.5063,-1.5218
,42.5063,-1.5218
,42.5063,-1.5218
,42.5063,-1.5218
,42.5063,-1.5218
,-11.2027,17.8739
,-11.2027,17.8739
,-11.2027,17.8739
,-11.2027,17.8739
,-11.2027,17.8739
,-11.2027,17.8739
,-11.2027,17.8739
,-11.2027,17.8739
,18.2206,-63.0686
,18.2206,-63.0686
,18.2206,-63.0686
,18.2206,-63.0686
,-38.4161,-63.6167
,-38.4161,-63.6167
,-38.4161,-63.6167
,-38.4161,-63.6167
,-38.4161,-63.6167
,-38.4161,-63.6167
,-38.4161,-63.6167
,-38.4161,-63.6167
,-38.4161,-63.6167
,-38.4161,-63.6167
,-38.4161,-63.6167
,-38.4161,-63.6167
,-38.4161,-63.6167
,-38.4161,-63.6167
,40.0691,45.0382
,40.0691,45.0382
,40.0691,45.0382
,40.0691,45.0382
,40.0691,45.0382
,40.0691,45.0382
,40.0691,45.0382
,40.0691,45.0382
,40.0691,45.0382
,40.0691,45.0382
,40.0691,45.0382
,40.0691,45.0382
,40.0691,45.0382
,40.0691,45.0382
,40.0691,45.0382
,40.0691,45.0382
,40.0691,45.0382
,40.0691,45.0382
,40.0691,45.0382
,12.5211,-69.9683
,12.5211,-69.9683
,12.5211,-69.9683
,12.5211,-69.9683
,12.5211,-69.9683
,12.5211,-69.9683
,12.5211,-69.9683
,12.5211,-69.9683
,12.5211,-69.9683
,12.5211,-69.9683
,-25.2744,133.7751
,-25.2744,133.7751
,-25.2744,133.7751
,-25.2744,133.7751
,-25.2744,133.7751
,-25.2744,133.7751
,-25.2744,133.7751
,-25.2744,133.7751
,-25.2744,133.7751
,-25.2744,133.7751
,-25.2744,133.7751
,-25.2744,133.7751
,-25.2744,133.7751
,-25.2744,133.7751
,-25.2744,133.7751
,-25.2744,133.7751
,-25.2744,133.7751
,-25.2744,133.7751
,-25.2744,133.7751
,-25.2744,133.7751
,-25.2744,133.7751
,-25.2744,133.7751
,-25.2744,133.7751
,-25.2744,133.7751
,-25.2744,133.7751
,-25.2744,133.7751
,-25.2744,133.7751
,-25.2744,133.7751
,47.5162,14.5501
,47.5162,14.5501
,47.5162,14.5501
,47.5162,14.5501
,47.5162,14.5501
,47.5162,14.5501
,47.5162,14.5501
,47.5162,14.5501
,47.5162,14.5501
,47.5162,14.5501
,47.5162,14.5501
,47.5162,14.5501
,47.5162,14.5501
,47.5162,14.5501
,47.5162,14.5501
,47.5162,14.5501
,47.5162,14.5501
,47.5162,14.5501
,47.5162,14.5501
,47.5162,14.5501
,47.5162,14.5501
,40.1431,47.5769
,40.1431,47.5769
,40.1431,47.5769
,40.1431,47.5769
,40.1431,47.5769
,40.1431,47.5769
,40.1431,47.5769
,40.1431,47.5769
,40.1431,47.5769
,40.1431,47.5769
,40.1431,47.5769
,40.1431,47.5769
,40.1431,47.5769
,40.1431,47.5769
,40.1431,47.5769
,40.1431,47.5769
,40.1431,47.5769
,25.0343,-77.3963
,25.0343,-77.3963
,25.0343,-77.3963
,25.0343,-77.3963
,25.0343,-77.3963
,25.0343,-77.3963
,25.0343,-77.3963
,25.0343,-77.3963
,26.0667,50.5577
,26.0667,50.5577
,26.0667,50.5577
,26.0667,50.5577
,26.0667,50.5577
,26.0667,50.5577
,26.0667,50.5577
,26.0667,50.5577
,26.0667,50.5577
,23.6850,90.3563
,23.6850,90.3563
,23.6850,90.3563
,23.6850,90.3563
,23.6850,90.3563
,23.6850,90.3563
,23.6850,90.3563
,23.6850,90.3563
,13.1939,-59.5432
,13.1939,-59.5432
,13.1939,-59.5432
,13.1939,-59.5432
,13.1939,-59.5432
,13.1939,-59.5432
,13.1939,-59.5432
,13.1939,-59.5432
,13.1939,-59.5432
,53.7098,27.9534
,53.7098,27.9534
,53.7098,27.9534
,53.7098,27.9534
,53.7098,27.9534
,53.7098,27.9534
,53.7098,27.9534
,53.7098,27.9534
,53.7098,27.9534
,53.7098,27.9534
,53.7098,27.9534
,53.7098,27.9534
,53.7098,27.9534
,53.7098,27.9534
,53.7098,27.9534
,53.7098,27.9534
,53.7098,27.9534
,53.7098,27.9534
,53.7098,27.9534
,50.5039,4.4699
,50.5039,4.4699
,50.5039,4.4699
,50.5039,4.4699
,50.5039,4.4699
,50.5039,4.4699
,50.5039,4.4699
,50.5039,4.4699
,50.5039,4.4699
,50.5039,4.4699
,50.5039,4.4699
,50.5039,4.4699
,50.5039,4.4699
,50.5039,4.4699
,50.5039,4.4699
,50.5039,4.4699
,50.5039,4.4699
,50.5039,4.4699
,50.5039,4.4699
,50.5039,4.4699
,17.1899,-88.4976
,17.1899,-88.4976
,17.1899,-88.4976
,17.1899,-88.4976
,17.1899,-88.4976
,17.1899,-88.4976
,17.1899,-88.4976
,17.1899,-88.4976
,9.3077,2.3158
,9.3077,2.3158
,9.3077,2.3158
,9.3077,2.3158
,9.3077,2.3158
,9.3077,2.3158
,9.3077,2.3158
,9.3077,2.3158
,32.3078,-64.7505
,32.3078,-64.7505
,32.3078,-64.7505
,32.3078,-64.7505
,32.3078,-64.7505
,32.3078,-64.7505
,32.3078,-64.7505
,32.3078,-64.7505
,27.5142,90.4336
,27.5142,90.4336
,27.5142,90.4336
,27.5142,90.4336
,27.5142,90.4336
,27.5142,90.4336
,27.5142,90.4336
,27.5142,90.4336
,27.5142,90.4336
,27.5142,90.4336
,27.5142,90.4336
,27.5142,90.4336
,27.5142,90.4336
,27.5142,90.4336
,27.5142,90.4336
,27.5142,90.4336
,27.5142,90.4336
,27.5142,90.4336
,27.5142,90.4336
,27.5142,90.4336
,27.5142,90.4336
,27.5142,90.4336
,27.5142,90.4336
,27.5142,90.4336
,27.5142,90.4336
,27.5142,90.4336
,27.5142,90.4336
,27.5142,90.4336
,-22.3285,24.6849
,-22.3285,24.6849
,-22.3285,24.6849
,-22.3285,24.6849
,-22.3285,24.6849
,-14.2350,-51.9253
,-14.2350,-51.9253
,-14.2350,-51.9253
,-14.2350,-51.9253
,-14.2350,-51.9253
,-14.2350,-51.9253
,-14.2350,-51.9253
,-14.2350,-51.9253
,-14.2350,-51.9253
,-14.2350,-51.9253
,-14.2350,-51.9253
,-14.2350,-51.9253
,18.4207,-64.6400
,18.4207,-64.6400
,18.4207,-64.6400
,18.4207,-64.6400
,18.4207,-64.6400
,18.4207,-64.6400
,4.5353,114.7277
,4.5353,114.7277
,4.5353,114.7277
,4.5353,114.7277
,4.5353,114.7277
,4.5353,114.7277
,4.5353,114.7277
,4.5353,114.7277
,4.5353,114.7277
,4.5353,114.7277
,4.5353,114.7277
,4.5353,114.7277
,4.5353,114.7277
,4.5353,114.7277
,4.5353,114.7277
,4.5353,114.7277
,4.5353,114.7277
,4.5353,114.7277
,4.5353,114.7277
,4.5353,114.7277
,4.5353,114.7277
,4.5353,114.7277
,4.5353,114.7277
,4.5353,114.7277
,4.5353,114.7277
,4.5353,114.7277
,4.5353,114.7277
,4.5353,114.7277
,42.7339,25.4858
,42.7339,25.4858
,42.7339,25.4858
,42.7339,25.4858
,42.7339,25.4858
,42.7339,25.4858
,42.7339,25.4858
,42.7339,25.4858
,42.7339,25.4858
,42.7339,25.4858
,42.7339,25.4858
,42.7339,25.4858
,42.7339,25.4858
,42.7339,25.4858
,12.2383,-1.5616
,12.2383,-1.5616
,12.2383,-1.5616
,12.2383,-1.5616
,12.2383,-1.5616
,12.2383,-1.5616
,12.2383,-1.5616
,12.2383,-1.5616
,-3.3731,29.9189
,-3.3731,29.9189
,-3.3731,29.9189
,-3.3731,29.9189
,-3.3731,29.9189
,-3.3731,29.9189
,-3.3731,29.9189
,-3.3731,29.9189
,12.5657,104.9910
,12.5657,104.9910
,12.5657,104.9910
,12.5657,104.9910
,12.5657,104.9910
,12.5657,104.9910
,12.5657,104.9910
,7.3697,12.3547
,7.3697,12.3547
,7.3697,12.3547
,7.3697,12.3547
,7.3697,12.3547
,7.3697,12.3547
,7.3697,12.3547
,7.3697,12.3547
,56.1304,-106.3468
,56.1304,-106.3468
,56.1304,-106.3468
,56.1304,-106.3468
,56.1304,-106.3468
,56.1304,-106.3468
,56.1304,-106.3468
,56.1304,-106.3468
,56.1304,-106.3468
,56.1304,-106.3468
,56.1304,-106.3468
,56.1304,-106.3468
,56.1304,-106.3468
,56.1304,-106.3468
,56.1304,-106.3468
,56.1304,-106.3468
,56.1304,-106.3468
,56.1304,-106.3468
,56.1304,-106.3468
,56.1304,-106.3468
,56.1304,-106.3468
,56.1304,-106.3468
,56.1304,-106.3468
,56.1304,-106.3468
,16.5388,-23.0418
,16.5388,-23.0418
,16.5388,-23.0418
,16.5388,-23.0418
,16.5388,-23.0418
,16.5388,-23.0418
,16.5388,-23.0418
,16.5388,-23.0418
,6.6111,20.9394
,6.6111,20.9394
,6.6111,20.9394
,6.6111,20.9394
,6.6111,20.9394
,6.6111,20.9394
,6.6111,20.9394
,6.6111,20.9394
,15.4542,18.7322
,15.4542,18.7322
,15.4542,18.7322
,15.4542,18.7322
,15.4542,18.7322
,15.4542,18.7322
,15.4542,18.7322
,15.4542,18.7322
,-35.6751,-71.5430
,-35.6751,-71.5430
,-35.6751,-71.5430
,-35.6751,-71.5430
,-35.6751,-71.5430
,-35.6751,-71.5430
,-35.6751,-71.5430
,-35.6751,-71.5430
,-35.6751,-71.5430
,-35.6751,-71.5430
,-35.6751,-71.5430
,-35.6751,-71.5430
,-35.6751,-71.5430
,35.0000,103.0000 
,35.0000,103.0000 
,35.0000,103.0000 
,35.0000,103.0000 
,35.0000,103.0000 
,35.0000,103.0000 
,35.0000,103.0000 
,35.0000,103.0000 
,35.0000,103.0000 
,35.0000,103.0000 
,35.0000,103.0000 
,35.0000,103.0000 
,4.5709,74.2973
,4.5709,74.2973
,4.5709,74.2973
,4.5709,74.2973
,4.5709,74.2973
,4.5709,74.2973
,4.5709,74.2973
,4.5709,74.2973
,4.5709,74.2973
,4.5709,74.2973
,11.6455,-43.3333
,11.6455,-43.3333
,11.6455,-43.3333
,11.6455,-43.3333
,11.6455,-43.3333
,11.6455,-43.3333
,11.6455,-43.3333
,-4.0383,21.7587
,-4.0383,21.7587
,-4.0383,21.7587
,-4.0383,21.7587
,-4.0383,21.7587
,-4.0383,21.7587
,-4.0383,21.7587
,-4.0383,21.7587
,21.2367,-159.7777
,21.2367,-159.7777
,21.2367,-159.7777
,21.2367,-159.7777
,21.2367,-159.7777
,21.2367,-159.7777
,9.7489,-83.7534
,9.7489,-83.7534
,9.7489,-83.7534
,9.7489,-83.7534
,9.7489,-83.7534
,9.7489,-83.7534
,9.7489,-83.7534
,9.7489,-83.7534
,7.54,5.5471
,7.54,5.5471
,7.54,5.5471
,7.54,5.5471
,7.54,5.5471
,7.54,5.5471
,7.54,5.5471
,7.54,5.5471
,7.54,5.5471
,7.54,5.5471
,7.54,5.5471
,7.54,5.5471
,7.54,5.5471
,7.54,5.5471
,7.54,5.5471
,7.54,5.5471
,7.54,5.5471
,7.54,5.5471
,7.54,5.5471
,7.54,5.5471
,7.54,5.5471
,7.54,5.5471
,7.54,5.5471
,7.54,5.5471
,7.54,5.5471
,7.54,5.5471
,7.54,5.5471
,7.54,5.5471
,45.1000,15.2000
,45.1000,15.2000
,45.1000,15.2000
,45.1000,15.2000
,45.1000,15.2000
,45.1000,15.2000
,45.1000,15.2000
,45.1000,15.2000
,45.1000,15.2000
,45.1000,15.2000
,45.1000,15.2000
,45.1000,15.2000
,45.1000,15.2000
,45.1000,15.2000
,21.5218,-77.7812
,21.5218,-77.7812
,21.5218,-77.7812
,21.5218,-77.7812
,21.5218,-77.7812
,21.5218,-77.7812
,21.5218,-77.7812
,21.5218,-77.7812
,12.1696,-68.9900
,12.1696,-68.9900
,12.1696,-68.9900
,12.1696,-68.9900
,12.1696,-68.9900
,12.1696,-68.9900
,12.1696,-68.9900
,12.1696,-68.9900
,12.1696,-68.9900
,12.1696,-68.9900
,35.1264,-33.4299
,35.1264,-33.4299
,35.1264,-33.4299
,35.1264,-33.4299
,35.1264,-33.4299
,35.1264,-33.4299
,35.1264,-33.4299
,35.1264,-33.4299
,56.2639,9.5018
,56.2639,9.5018
,56.2639,9.5018
,56.2639,9.5018
,56.2639,9.5018
,56.2639,9.5018
,56.2639,9.5018
,56.2639,9.5018
,56.2639,9.5018
,56.2639,9.5018
,56.2639,9.5018
,56.2639,9.5018
,56.2639,9.5018
,56.2639,9.5018
,56.2639,9.5018
,56.2639,9.5018
,56.2639,9.5018
,56.2639,9.5018
,11.8251,42.5903
,11.8251,42.5903
,11.8251,42.5903
,11.8251,42.5903
,11.8251,42.5903
,11.8251,42.5903
,11.8251,42.5903
,11.8251,42.5903
,15.4150,-61.3710
,15.4150,-61.3710
,15.4150,-61.3710
,15.4150,-61.3710
,15.4150,-61.3710
,15.4150,-61.3710
,15.4150,-61.3710
,18.7357,-70.1627
,18.7357,-70.1627
,18.7357,-70.1627
,18.7357,-70.1627
,18.7357,-70.1627
,18.7357,-70.1627
,18.7357,-70.1627
,18.7357,-70.1627
,-1.8312,-78.1834
,-1.8312,-78.1834
,-1.8312,-78.1834
,-1.8312,-78.1834
,-1.8312,-78.1834
,-1.8312,-78.1834
,-1.8312,-78.1834
,-1.8312,-78.1834
,-1.8312,-78.1834
,-1.8312,-78.1834
,-1.8312,-78.1834
,26.8206,30.8025
,26.8206,30.8025
,26.8206,30.8025
,26.8206,30.8025
,26.8206,30.8025
,26.8206,30.8025
,26.8206,30.8025
,26.8206,30.8025
,26.8206,30.8025
,26.8206,30.8025
,26.8206,30.8025
,13.7942,-88.8965
,13.7942,-88.8965
,13.7942,-88.8965
,13.7942,-88.8965
,13.7942,-88.8965
,13.7942,-88.8965
,13.7942,-88.8965
,13.7942,-88.8965
,15.1794,39.7823
,15.1794,39.7823
,15.1794,39.7823
,15.1794,39.7823
,15.1794,39.7823
,58.5953,25.0136
,58.5953,25.0136
,58.5953,25.0136
,58.5953,25.0136
,58.5953,25.0136
,58.5953,25.0136
,58.5953,25.0136
,58.5953,25.0136
,58.5953,25.0136
,58.5953,25.0136
,58.5953,25.0136
,58.5953,25.0136
,58.5953,25.0136
,58.5953,25.0136
,58.5953,25.0136
,58.5953,25.0136
,58.5953,25.0136
,58.5953,25.0136
,58.5953,25.0136
,9.1450,40.4897
,9.1450,40.4897
,9.1450,40.4897
,9.1450,40.4897
,9.1450,40.4897
,9.1450,40.4897
,9.1450,40.4897
,9.1450,40.4897
,-17.7134,178.0650
,-17.7134,178.0650
,-17.7134,178.0650
,-17.7134,178.0650
,-17.7134,178.0650
,-17.7134,178.0650
,-17.7134,178.0650
,-17.7134,178.0650
,61.8926,6.9118
,61.8926,6.9118
,61.8926,6.9118
,61.8926,6.9118
,61.8926,6.9118
,61.8926,6.9118
,61.8926,6.9118
,61.8926,6.9118
,17.7134,178.0650
,17.7134,178.0650
,17.7134,178.0650
,17.7134,178.0650
,17.7134,178.0650
,17.7134,178.0650
,17.7134,178.0650
,17.7134,178.0650
,61.9241,25.7482
,61.9241,25.7482
,61.9241,25.7482
,61.9241,25.7482
,61.9241,25.7482
,61.9241,25.7482
,61.9241,25.7482
,61.9241,25.7482
,61.9241,25.7482
,61.9241,25.7482
,61.9241,25.7482
,61.9241,25.7482
,61.9241,25.7482
,61.9241,25.7482
,61.9241,25.7482
,61.9241,25.7482
,61.9241,25.7482
,46.2276,2.2137
,46.2276,2.2137
,46.2276,2.2137
,46.2276,2.2137
,46.2276,2.2137
,46.2276,2.2137
,46.2276,2.2137
,46.2276,2.2137
,46.2276,2.2137
,46.2276,2.2137
,46.2276,2.2137
,46.2276,2.2137
,46.2276,2.2137
,46.2276,2.2137
,46.2276,2.2137
,46.2276,2.2137
,46.2276,2.2137
,46.2276,2.2137
,46.2276,2.2137
,46.2276,2.2137
,46.2276,2.2137
,46.2276,2.2137
,17.6797,-149.4068
,17.6797,-149.4068
,17.6797,-149.4068
,17.6797,-149.4068
,17.6797,-149.4068
,17.6797,-149.4068
,17.6797,-149.4068
,0.8037,11.6094
,0.8037,11.6094
,0.8037,11.6094
,0.8037,11.6094
,0.8037,11.6094
,0.8037,11.6094
,0.8037,11.6094
,0.8037,11.6094
,13.4432,-15.3101
,13.4432,-15.3101
,13.4432,-15.3101
,13.4432,-15.3101
,13.4432,-15.3101
,13.4432,-15.3101
,13.4432,-15.3101
,13.4432,-15.3101
,42.3154,43.3569
,42.3154,43.3569
,42.3154,43.3569
,42.3154,43.3569
,42.3154,43.3569
,42.3154,43.3569
,42.3154,43.3569
,42.3154,43.3569
,42.3154,43.3569
,42.3154,43.3569
,42.3154,43.3569
,42.3154,43.3569
,42.3154,43.3569
,42.3154,43.3569
,42.3154,43.3569
,42.3154,43.3569
,42.3154,43.3569
,42.3154,43.3569
,42.3154,43.3569
,51.1657,10.4515
,51.1657,10.4515
,51.1657,10.4515
,51.1657,10.4515
,51.1657,10.4515
,51.1657,10.4515
,51.1657,10.4515
,51.1657,10.4515
,51.1657,10.4515
,51.1657,10.4515
,51.1657,10.4515
,51.1657,10.4515
,51.1657,10.4515
,51.1657,10.4515
,51.1657,10.4515
,51.1657,10.4515
,51.1657,10.4515
,51.1657,10.4515
,51.1657,10.4515
,51.1657,10.4515
,51.1657,10.4515
,51.1657,10.4515
,51.1657,10.4515
,7.9465,-1.0232
,7.9465,-1.0232
,7.9465,-1.0232
,7.9465,-1.0232
,7.9465,-1.0232
,7.9465,-1.0232
,7.9465,-1.0232
,7.9465,-1.0232
,39.0742,21.8243
,39.0742,21.8243
,39.0742,21.8243
,39.0742,21.8243
,39.0742,21.8243
,39.0742,21.8243
,39.0742,21.8243
,39.0742,21.8243
,39.0742,21.8243
,39.0742,21.8243
,39.0742,21.8243
,39.0742,21.8243
,39.0742,21.8243
,39.0742,21.8243
,71.7069,-42.6043
,71.7069,-42.6043
,71.7069,-42.6043
,71.7069,-42.6043
,71.7069,-42.6043
,71.7069,-42.6043
,71.7069,-42.6043
,71.7069,-42.6043
,71.7069,-42.6043
,71.7069,-42.6043
,71.7069,-42.6043
,71.7069,-42.6043
,71.7069,-42.6043
,71.7069,-42.6043
,71.7069,-42.6043
,71.7069,-42.6043
,71.7069,-42.6043
,71.7069,-42.6043
,71.7069,-42.6043
,71.7069,-42.6043
,71.7069,-42.6043
,71.7069,-42.6043
,71.7069,-42.6043
,71.7069,-42.6043
,71.7069,-42.6043
,71.7069,-42.6043
,71.7069,-42.6043
,71.7069,-42.6043
,12.1165,-61.6790
,12.1165,-61.6790
,12.1165,-61.6790
,12.1165,-61.6790
,12.1165,-61.6790
,12.1165,-61.6790
,12.1165,-61.6790
,12.1165,-61.6790
,15.7835,-90.2308
,15.7835,-90.2308
,15.7835,-90.2308
,15.7835,-90.2308
,15.7835,-90.2308
,15.7835,-90.2308
,15.7835,-90.2308
,15.7835,-90.2308
,-9.9456,9.6966
,-9.9456,9.6966
,-9.9456,9.6966
,-9.9456,9.6966
,-9.9456,9.6966
,-9.9456,9.6966
,-9.9456,9.6966
,-9.9456,9.6966
,-9.9456,9.6966
,-9.9456,9.6966
,-9.9456,9.6966
,-9.9456,9.6966
,-9.9456,9.6966
,-9.9456,9.6966
,-9.9456,9.6966
,-9.9456,9.6966
,-9.9456,9.6966
,-9.9456,9.6966
,-9.9456,9.6966
,-9.9456,9.6966
,-9.9456,9.6966
,-9.9456,9.6966
,-9.9456,9.6966
,-9.9456,9.6966
,-9.9456,9.6966
,-9.9456,9.6966
,-9.9456,9.6966
,-9.9456,9.6966
,4.8604,-58.9302
,4.8604,-58.9302
,4.8604,-58.9302
,4.8604,-58.9302
,4.8604,-58.9302
,4.8604,-58.9302
,4.8604,-58.9302
,4.8604,-58.9302
,18.9712,-72.2852
,18.9712,-72.2852
,18.9712,-72.2852
,18.9712,-72.2852
,18.9712,-72.2852
,18.9712,-72.2852
,18.9712,-72.2852
,18.9712,-72.2852
,15.2000,-86.2419
,15.2000,-86.2419
,15.2000,-86.2419
,15.2000,-86.2419
,15.2000,-86.2419
,15.2000,-86.2419
,15.2000,-86.2419
,15.2000,-86.2419
,15.2000,-86.2419
,15.2000,-86.2419
,15.2000,-86.2419
,15.2000,-86.2419
,15.2000,-86.2419
,15.2000,-86.2419
,15.2000,-86.2419
,15.2000,-86.2419
,22.3193,114.1694
,22.3193,114.1694
,22.3193,114.1694
,22.3193,114.1694
,22.3193,114.1694
,22.3193,114.1694
,22.3193,114.1694
,22.3193,114.1694
,47.1625,19.5033
,47.1625,19.5033
,47.1625,19.5033
,47.1625,19.5033
,47.1625,19.5033
,47.1625,19.5033
,47.1625,19.5033
,47.1625,19.5033
,47.1625,19.5033
,47.1625,19.5033
,47.1625,19.5033
,47.1625,19.5033
,47.1625,19.5033
,47.1625,19.5033
,47.1625,19.5033
,47.1625,19.5033
,47.1625,19.5033
,47.1625,19.5033
,47.1625,19.5033
,64.9631,-19.0208
,64.9631,-19.0208
,64.9631,-19.0208
,64.9631,-19.0208
,64.9631,-19.0208
,64.9631,-19.0208
,64.9631,-19.0208
,64.9631,-19.0208
,64.9631,-19.0208
,20.5937,78.9629
,20.5937,78.9629
,20.5937,78.9629
,20.5937,78.9629
,20.5937,78.9629
,20.5937,78.9629
,20.5937,78.9629
,20.5937,78.9629
,20.5937,78.9629
,20.5937,78.9629
,20.5937,78.9629
,20.5937,78.9629
,20.5937,78.9629
,20.5937,78.9629
,20.5937,78.9629
,20.5937,78.9629
,-0.7893,113.9213
,-0.7893,113.9213
,-0.7893,113.9213
,-0.7893,113.9213
,-0.7893,113.9213
,-0.7893,113.9213
,-0.7893,113.9213
,-0.7893,113.9213
,-0.7893,113.9213
,-0.7893,113.9213
,-0.7893,113.9213
,-0.7893,113.9213
,-0.7893,113.9213
,-0.7893,113.9213
,32.4279,53.6880
,32.4279,53.6880
,32.4279,53.6880
,32.4279,53.6880
,32.4279,53.6880
,32.4279,53.6880
,32.4279,53.6880
,32.4279,53.6880
,32.4279,53.6880
,32.4279,53.6880
,32.4279,53.6880
,33.2232,43.6793
,33.2232,43.6793
,33.2232,43.6793
,33.2232,43.6793
,33.2232,43.6793
,33.2232,43.6793
,33.2232,43.6793
,33.2232,43.6793
,33.2232,43.6793
,33.2232,43.6793
,53.7798,-7.3055
,53.7798,-7.3055
,53.7798,-7.3055
,53.7798,-7.3055
,53.7798,-7.3055
,53.7798,-7.3055
,53.7798,-7.3055
,53.7798,-7.3055
,53.7798,-7.3055
,53.7798,-7.3055
,53.7798,-7.3055
,53.7798,-7.3055
,53.7798,-7.3055
,53.7798,-7.3055
,31.0461,34.8516
,31.0461,34.8516
,31.0461,34.8516
,31.0461,34.8516
,31.0461,34.8516
,31.0461,34.8516
,31.0461,34.8516
,31.0461,34.8516
,31.0461,34.8516
,31.0461,34.8516
,41.8719,12.5674
,41.8719,12.5674
,41.8719,12.5674
,41.8719,12.5674
,41.8719,12.5674
,41.8719,12.5674
,41.8719,12.5674
,41.8719,12.5674
,41.8719,12.5674
,41.8719,12.5674
,41.8719,12.5674
,41.8719,12.5674
,41.8719,12.5674
,41.8719,12.5674
,41.8719,12.5674
,41.8719,12.5674
,41.8719,12.5674
,18.1096,-77.2975
,18.1096,-77.2975
,18.1096,-77.2975
,18.1096,-77.2975
,18.1096,-77.2975
,18.1096,-77.2975
,18.1096,-77.2975
,18.1096,-77.2975
,36.2048,138.2529
,36.2048,138.2529
,36.2048,138.2529
,36.2048,138.2529
,36.2048,138.2529
,36.2048,138.2529
,36.2048,138.2529
,36.2048,138.2529
,36.2048,138.2529
,36.2048,138.2529
,36.2048,138.2529
,36.2048,138.2529
,36.2048,138.2529
,36.2048,138.2529
,36.2048,138.2529
,36.2048,138.2529
,30.5852,36.2384
,30.5852,36.2384
,30.5852,36.2384
,30.5852,36.2384
,30.5852,36.2384
,30.5852,36.2384
,30.5852,36.2384
,30.5852,36.2384
,48.0196,66.9237
,48.0196,66.9237
,48.0196,66.9237
,48.0196,66.9237
,48.0196,66.9237
,48.0196,66.9237
,48.0196,66.9237
,48.0196,66.9237
,48.0196,66.9237
,48.0196,66.9237
,48.0196,66.9237
,48.0196,66.9237
,48.0196,66.9237
,48.0196,66.9237
,48.0196,66.9237
,48.0196,66.9237
,48.0196,66.9237
,48.0196,66.9237
,48.0196,66.9237
,-0.0236,37.9062
,-0.0236,37.9062
,-0.0236,37.9062
,-0.0236,37.9062
,-0.0236,37.9062
,-0.0236,37.9062
,-0.0236,37.9062
,-0.0236,37.9062
,1.8369,-157.3768
,1.8369,-157.3768
,1.8369,-157.3768
,1.8369,-157.3768
,1.8369,-157.3768
,1.8369,-157.3768
,42.6026,20.9030
,42.6026,20.9030
,29.3117,47.4818
,29.3117,47.4818
,29.3117,47.4818
,29.3117,47.4818
,29.3117,47.4818
,29.3117,47.4818
,29.3117,47.4818
,29.3117,47.4818
,41.2044,74.7661
,41.2044,74.7661
,41.2044,74.7661
,41.2044,74.7661
,41.2044,74.7661
,41.2044,74.7661
,41.2044,74.7661
,41.2044,74.7661
,41.2044,74.7661
,41.2044,74.7661
,41.2044,74.7661
,41.2044,74.7661
,41.2044,74.7661
,41.2044,74.7661
,41.2044,74.7661
,41.2044,74.7661
,41.2044,74.7661
,41.2044,74.7661
,41.2044,74.7661
,19.8563,102.4955
,19.8563,102.4955
,19.8563,102.4955
,19.8563,102.4955
,19.8563,102.4955
,19.8563,102.4955
,19.8563,102.4955
,56.8796,24.6032
,56.8796,24.6032
,56.8796,24.6032
,56.8796,24.6032
,56.8796,24.6032
,56.8796,24.6032
,56.8796,24.6032
,56.8796,24.6032
,56.8796,24.6032
,56.8796,24.6032
,56.8796,24.6032
,56.8796,24.6032
,56.8796,24.6032
,56.8796,24.6032
,56.8796,24.6032
,56.8796,24.6032
,56.8796,24.6032
,56.8796,24.6032
,56.8796,24.6032
,33.8547,35.8623
,33.8547,35.8623
,33.8547,35.8623
,33.8547,35.8623
,33.8547,35.8623
,33.8547,35.8623
,33.8547,35.8623
,33.8547,35.8623
,33.8547,35.8623
,-29.6100,28.2336
,-29.6100,28.2336
,-29.6100,28.2336
,-29.6100,28.2336
,6.4281,-9.4295
,6.4281,-9.4295
,6.4281,-9.4295
,6.4281,-9.4295
,6.4281,-9.4295
,6.4281,-9.4295
,6.4281,-9.4295
,6.4281,-9.4295
,26.3351,17.2283
,26.3351,17.2283
,26.3351,17.2283
,26.3351,17.2283
,26.3351,17.2283
,26.3351,17.2283
,26.3351,17.2283
,26.3351,17.2283
,47.1410,-9.5209
,47.1410,-9.5209
,47.1410,-9.5209
,47.1410,-9.5209
,47.1410,-9.5209
,47.1410,-9.5209
,47.1410,-9.5209
,55.1694,23.8813
,55.1694,23.8813
,55.1694,23.8813
,55.1694,23.8813
,55.1694,23.8813
,55.1694,23.8813
,55.1694,23.8813
,55.1694,23.8813
,55.1694,23.8813
,55.1694,23.8813
,55.1694,23.8813
,55.1694,23.8813
,55.1694,23.8813
,55.1694,23.8813
,55.1694,23.8813
,55.1694,23.8813
,55.1694,23.8813
,55.1694,23.8813
,55.1694,23.8813
,-49.8153,6.1296
,-49.8153,6.1296
,-49.8153,6.1296
,-49.8153,6.1296
,-49.8153,6.1296
,-49.8153,6.1296
,-49.8153,6.1296
,-49.8153,6.1296
,22.1987,113.5439
,22.1987,113.5439
,22.1987,113.5439
,22.1987,113.5439
,22.1987,113.5439
,22.1987,113.5439
,22.1987,113.5439
,22.1987,113.5439
,22.1987,113.5439
,22.1987,113.5439
,22.1987,113.5439
,22.1987,113.5439
,22.1987,113.5439
,22.1987,113.5439
,22.1987,113.5439
,22.1987,113.5439
,22.1987,113.5439
,22.1987,113.5439
,22.1987,113.5439
,22.1987,113.5439
,22.1987,113.5439
,22.1987,113.5439
,22.1987,113.5439
,22.1987,113.5439
,22.1987,113.5439
,22.1987,113.5439
,22.1987,113.5439
,22.1987,113.5439
,-18.7669,46.8691
,-18.7669,46.8691
,-18.7669,46.8691
,-18.7669,46.8691
,-18.7669,46.8691
,-18.7669,46.8691
,-18.7669,46.8691
,-18.7669,46.8691
,-13.2543,34.3015
,-13.2543,34.3015
,-13.2543,34.3015
,-13.2543,34.3015
,-13.2543,34.3015
,-13.2543,34.3015
,-13.2543,34.3015
,-13.2543,34.3015
,4.2105,101.9758
,4.2105,101.9758
,4.2105,101.9758
,4.2105,101.9758
,4.2105,101.9758
,4.2105,101.9758
,4.2105,101.9758
,4.2105,101.9758
,4.2105,101.9758
,4.2105,101.9758
,4.2105,101.9758
,4.2105,101.9758
,4.2105,101.9758
,4.2105,101.9758
,3.2028,-73.2207
,3.2028,-73.2207
,3.2028,-73.2207
,3.2028,-73.2207
,3.2028,-73.2207
,17.5707,-3.9962
,17.5707,-3.9962
,17.5707,-3.9962
,17.5707,-3.9962
,17.5707,-3.9962
,17.5707,-3.9962
,17.5707,-3.9962
,35.9375,-14.3754
,35.9375,-14.3754
,35.9375,-14.3754
,35.9375,-14.3754
,35.9375,-14.3754
,35.9375,-14.3754
,35.9375,-14.3754
,35.9375,-14.3754
,7.1315,171.1845
,7.1315,171.1845
,7.1315,171.1845
,21.0079,-10.9408
,21.0079,-10.9408
,21.0079,-10.9408
,21.0079,-10.9408
,21.0079,-10.9408
,21.0079,-10.9408
,21.0079,-10.9408
,21.0079,-10.9408
,21.0079,-10.9408
,21.0079,-10.9408
,21.0079,-10.9408
,21.0079,-10.9408
,21.0079,-10.9408
,21.0079,-10.9408
,21.0079,-10.9408
,21.0079,-10.9408
,21.0079,-10.9408
,21.0079,-10.9408
,21.0079,-10.9408
,21.0079,-10.9408
,21.0079,-10.9408
,21.0079,-10.9408
,21.0079,-10.9408
,21.0079,-10.9408
,21.0079,-10.9408
,21.0079,-10.9408
,21.0079,-10.9408
,21.0079,-10.9408
,-20.3484,57.5522
,-20.3484,57.5522
,-20.3484,57.5522
,-20.3484,57.5522
,-20.3484,57.5522
,-20.3484,57.5522
,-20.3484,57.5522
,-20.3484,57.5522
,23.6345,-102.5528
,23.6345,-102.5528
,23.6345,-102.5528
,23.6345,-102.5528
,23.6345,-102.5528
,23.6345,-102.5528
,23.6345,-102.5528
,23.6345,-102.5528
,23.6345,-102.5528
,23.6345,-102.5528
,23.6345,-102.5528
,23.6345,-102.5528
,23.6345,-102.5528
,7.4256,150.5508
,7.4256,150.5508
,7.4256,150.5508
,47.4116,28.3699
,47.4116,28.3699
,47.4116,28.3699
,47.4116,28.3699
,47.4116,28.3699
,47.4116,28.3699
,47.4116,28.3699
,47.4116,28.3699
,47.4116,28.3699
,47.4116,28.3699
,47.4116,28.3699
,47.4116,28.3699
,47.4116,28.3699
,47.4116,28.3699
,47.4116,28.3699
,47.4116,28.3699
,47.4116,28.3699
,47.4116,28.3699
,47.4116,28.3699
,46.8625,103.8467
,46.8625,103.8467
,46.8625,103.8467
,46.8625,103.8467
,46.8625,103.8467
,46.8625,103.8467
,46.8625,103.8467
,46.8625,103.8467
,42.7087,19.3744
,42.7087,19.3744
,42.7087,19.3744
,42.7087,19.3744
,42.7087,19.3744
,42.7087,19.3744
,42.7087,19.3744
,42.7087,19.3744
,42.7087,19.3744
,42.7087,19.3744
,42.7087,19.3744
,42.7087,19.3744
,42.7087,19.3744
,42.7087,19.3744
,16.7425,-62.1874
,16.7425,-62.1874
,16.7425,-62.1874
,16.7425,-62.1874
,16.7425,-62.1874
,16.7425,-62.1874
,31.7917,-7.0926
,31.7917,-7.0926
,31.7917,-7.0926
,31.7917,-7.0926
,31.7917,-7.0926
,31.7917,-7.0926
,31.7917,-7.0926
,31.7917,-7.0926
,31.7917,-7.0926
,31.7917,-7.0926
,-18.6657,35.5296
,-18.6657,35.5296
,-18.6657,35.5296
,-18.6657,35.5296
,-18.6657,35.5296
,-18.6657,35.5296
,-18.6657,35.5296
,-18.6657,35.5296
,-18.6657,35.5296
,-18.6657,35.5296
,21.9162,95.9560
,21.9162,95.9560
,21.9162,95.9560
,21.9162,95.9560
,21.9162,95.9560
,21.9162,95.9560
,21.9162,95.9560
,21.9162,95.9560
,21.9162,95.9560
,21.9162,95.9560
,-22.9576,18.4904
,-22.9576,18.4904
,-22.9576,18.4904
,-22.9576,18.4904
,0.5228,-166.9315
,0.5228,-166.9315
,0.5228,-166.9315
,0.5228,-166.9315
,0.5228,-166.9315
,0.5228,-166.9315
,28.3949,84.1240
,28.3949,84.1240
,28.3949,84.1240
,28.3949,84.1240
,28.3949,84.1240
,28.3949,84.1240
,28.3949,84.1240
,28.3949,84.1240
,52.1326,5.2913
,52.1326,5.2913
,52.1326,5.2913
,52.1326,5.2913
,52.1326,5.2913
,52.1326,5.2913
,52.1326,5.2913
,52.1326,5.2913
,52.1326,5.2913
,52.1326,5.2913
,52.1326,5.2913
,52.1326,5.2913
,52.1326,5.2913
,52.1326,5.2913
,52.1326,5.2913
,52.1326,5.2913
,52.1326,5.2913
,52.1326,5.2913
,-20.9043,165.6180
,-20.9043,165.6180
,-20.9043,165.6180
,-20.9043,165.6180
,-20.9043,165.6180
,-20.9043,165.6180
,-20.9043,165.6180
,-20.9043,165.6180
,-40.9006,174.8860
,-40.9006,174.8860
,-40.9006,174.8860
,-40.9006,174.8860
,-40.9006,174.8860
,-40.9006,174.8860
,-40.9006,174.8860
,-40.9006,174.8860
,-40.9006,174.8860
,-40.9006,174.8860
,-40.9006,174.8860
,-40.9006,174.8860
,-40.9006,174.8860
,-40.9006,174.8860
,-40.9006,174.8860
,12.8654,-85.2072
,12.8654,-85.2072
,12.8654,-85.2072
,12.8654,-85.2072
,12.8654,-85.2072
,12.8654,-85.2072
,12.8654,-85.2072
,12.8654,-85.2072
,17.6078,8.0817
,17.6078,8.0817
,17.6078,8.0817
,17.6078,8.0817
,17.6078,8.0817
,17.6078,8.0817
,17.6078,8.0817
,17.6078,8.0817
,9.0820,8.6753
,9.0820,8.6753
,9.0820,8.6753
,9.0820,8.6753
,9.0820,8.6753
,9.0820,8.6753
,9.0820,8.6753
,9.0820,8.6753
,9.0820,8.6753
,9.0820,8.6753
,9.0820,8.6753
,-19.0544,169.8672
,-19.0544,169.8672
,-19.0544,169.8672
,-19.0544,169.8672
,-19.0544,169.8672
,-19.0544,169.8672
,40.3399,127.5101
,40.3399,127.5101
,40.3399,127.5101
,40.3399,127.5101
,40.3399,127.5101
,40.3399,127.5101
,40.3399,127.5101
,40.3399,127.5101
,40.3399,127.5101
,40.3399,127.5101
,40.3399,127.5101
,40.3399,127.5101
,41.6086,21.7453
,41.6086,21.7453
,41.6086,21.7453
,41.6086,21.7453
,41.6086,21.7453
,41.6086,21.7453
,41.6086,21.7453
,41.6086,21.7453
,41.6086,21.7453
,41.6086,21.7453
,41.6086,21.7453
,41.6086,21.7453
,41.6086,21.7453
,41.6086,21.7453
,60.4720,8.4689
,60.4720,8.4689
,60.4720,8.4689
,60.4720,8.4689
,60.4720,8.4689
,60.4720,8.4689
,60.4720,8.4689
,60.4720,8.4689
,60.4720,8.4689
,60.4720,8.4689
,60.4720,8.4689
,60.4720,8.4689
,60.4720,8.4689
,60.4720,8.4689
,60.4720,8.4689
,60.4720,8.4689
,60.4720,8.4689
,60.4720,8.4689
,60.4720,8.4689
,60.4720,8.4689
,21.4735,55.9754
,21.4735,55.9754
,21.4735,55.9754
,21.4735,55.9754
,21.4735,55.9754
,21.4735,55.9754
,30.3753,69.3451
,30.3753,69.3451
,30.3753,69.3451
,30.3753,69.3451
,30.3753,69.3451
,30.3753,69.3451
,30.3753,69.3451
,30.3753,69.3451
,7.5150,134.5825
,7.5150,134.5825
,7.5150,134.5825
,7.5150,134.5825
,7.5150,134.5825
,7.5150,134.5825
,7.5150,134.5825
,31.9522,35.2332
,31.9522,35.2332
,31.9522,35.2332
,31.9522,35.2332
,8.5380,-80.7821
,8.5380,-80.7821
,8.5380,-80.7821
,8.5380,-80.7821
,8.5380,-80.7821
,8.5380,-80.7821
,8.5380,-80.7821
,8.5380,-80.7821
,-6.3149,143.9555
,-6.3149,143.9555
,-6.3149,143.9555
,-6.3149,143.9555
,-6.3149,143.9555
,-6.3149,143.9555
,-6.3149,143.9555
,-6.3149,143.9555
,-6.3149,143.9555
,-6.3149,143.9555
,-6.3149,143.9555
,-6.3149,143.9555
,-6.3149,143.9555
,-6.3149,143.9555
,-6.3149,143.9555
,-6.3149,143.9555
,-6.3149,143.9555
,-6.3149,143.9555
,-6.3149,143.9555
,-6.3149,143.9555
,-6.3149,143.9555
,-6.3149,143.9555
,-6.3149,143.9555
,-6.3149,143.9555
,-6.3149,143.9555
,-6.3149,143.9555
,-6.3149,143.9555
,-6.3149,143.9555
,-23.4425,-58.4438
,-23.4425,-58.4438
,-23.4425,-58.4438
,-23.4425,-58.4438
,-23.4425,-58.4438
,-23.4425,-58.4438
,-23.4425,-58.4438
,-23.4425,-58.4438
,-9.1900,-75.0152
,-9.1900,-75.0152
,-9.1900,-75.0152
,-9.1900,-75.0152
,-9.1900,-75.0152
,-9.1900,-75.0152
,-9.1900,-75.0152
,-9.1900,-75.0152
,-9.1900,-75.0152
,-9.1900,-75.0152
,-9.1900,-75.0152
,-9.1900,-75.0152
,-9.1900,-75.0152
,-9.1900,-75.0152
,12.8797,121.7740
,12.8797,121.7740
,12.8797,121.7740
,12.8797,121.7740
,12.8797,121.7740
,12.8797,121.7740
,12.8797,121.7740
,12.8797,121.7740
,12.8797,121.7740
,12.8797,121.7740
,12.8797,121.7740
,12.8797,121.7740
,51.9194,19.1451
,51.9194,19.1451
,51.9194,19.1451
,51.9194,19.1451
,51.9194,19.1451
,51.9194,19.1451
,51.9194,19.1451
,51.9194,19.1451
,51.9194,19.1451
,51.9194,19.1451
,51.9194,19.1451
,51.9194,19.1451
,51.9194,19.1451
,51.9194,19.1451
,51.9194,19.1451
,51.9194,19.1451
,51.9194,19.1451
,51.9194,19.1451
,51.9194,19.1451
,51.9194,19.1451
,51.9194,19.1451
,51.9194,19.1451
,51.9194,19.1451
,39.3999,-8.2245
,39.3999,-8.2245
,39.3999,-8.2245
,39.3999,-8.2245
,39.3999,-8.2245
,39.3999,-8.2245
,39.3999,-8.2245
,39.3999,-8.2245
,39.3999,-8.2245
,39.3999,-8.2245
,39.3999,-8.2245
,39.3999,-8.2245
,39.3999,-8.2245
,39.3999,-8.2245
,39.3999,-8.2245
,39.3999,-8.2245
,25.3548,51.1839
,25.3548,51.1839
,25.3548,51.1839
,25.3548,51.1839
,25.3548,51.1839
,25.3548,51.1839
,25.3548,51.1839
,25.3548,51.1839
,45.9432,24.9668
,45.9432,24.9668
,45.9432,24.9668
,45.9432,24.9668
,45.9432,24.9668
,45.9432,24.9668
,45.9432,24.9668
,45.9432,24.9668
,45.9432,24.9668
,45.9432,24.9668
,45.9432,24.9668
,45.9432,24.9668
,45.9432,24.9668
,45.9432,24.9668
,45.9432,24.9668
,45.9432,24.9668
,45.9432,24.9668
,61.5240,105.3188
,61.5240,105.3188
,61.5240,105.3188
,61.5240,105.3188
,61.5240,105.3188
,61.5240,105.3188
,61.5240,105.3188
,61.5240,105.3188
,61.5240,105.3188
,61.5240,105.3188
,61.5240,105.3188
,61.5240,105.3188
,61.5240,105.3188
,61.5240,105.3188
,61.5240,105.3188
,61.5240,105.3188
,61.5240,105.3188
,61.5240,105.3188
,61.5240,105.3188
,-1.9403,29.8739
,-1.9403,29.8739
,-1.9403,29.8739
,-1.9403,29.8739
,-1.9403,29.8739
,-1.9403,29.8739
,-1.9403,29.8739
,-1.9403,29.8739
,-15.9650,5.7089
,-15.9650,5.7089
,-15.9650,5.7089
,-15.9650,5.7089
,17.3578,-62.7830
,17.3578,-62.7830
,17.3578,-62.7830
,17.3578,-62.7830
,13.9094,-60.9789
,13.9094,-60.9789
,13.9094,-60.9789
,13.9094,-60.9789
,13.9094,-60.9789
,13.9094,-60.9789
,13.9094,-60.9789
,13.9094,-60.9789
,46.8852,-56.3159
,46.8852,-56.3159
,46.8852,-56.3159
,46.8852,-56.3159
,46.8852,-56.3159
,46.8852,-56.3159
,46.8852,-56.3159
,46.8852,-56.3159
,12.9843,61.2872
,12.9843,61.2872
,12.9843,61.2872
,12.9843,61.2872
,12.9843,61.2872
,12.9843,61.2872
,12.9843,61.2872
,12.9843,61.2872
,-13.7590,-172.1046
,-13.7590,-172.1046
,-13.7590,-172.1046
,-13.7590,-172.1046
,-13.7590,-172.1046
,-13.7590,-172.1046
,-13.7590,-172.1046
,-13.7590,-172.1046
,0.1864,6.6131
,0.1864,6.6131
,0.1864,6.6131
,0.1864,6.6131
,0.1864,6.6131
,0.1864,6.6131
,0.1864,6.6131
,23.8859,45.0792
,23.8859,45.0792
,23.8859,45.0792
,23.8859,45.0792
,23.8859,45.0792
,23.8859,45.0792
,23.8859,45.0792
,23.8859,45.0792
,23.8859,45.0792
,14.4974,-14.4524
,14.4974,-14.4524
,14.4974,-14.4524
,14.4974,-14.4524
,14.4974,-14.4524
,14.4974,-14.4524
,14.4974,-14.4524
,14.4974,-14.4524
,44.0165,21.0059
,44.0165,21.0059
,44.0165,21.0059
,44.0165,21.0059
,44.0165,21.0059
,44.0165,21.0059
,44.0165,21.0059
,44.0165,21.0059
,44.0165,21.0059
,44.0165,21.0059
,44.0165,21.0059
,44.0165,21.0059
,44.0165,21.0059
,44.0165,21.0059
,4.6796,-55.4920
,4.6796,-55.4920
,4.6796,-55.4920
,4.6796,-55.4920
,4.6796,-55.4920
,4.6796,-55.4920
,8.4606,-11.7799
,8.4606,-11.7799
,8.4606,-11.7799
,8.4606,-11.7799
,8.4606,-11.7799
,8.4606,-11.7799
,8.4606,-11.7799
,8.4606,-11.7799
,8.4606,-11.7799
,8.4606,-11.7799
,8.4606,-11.7799
,8.4606,-11.7799
,8.4606,-11.7799
,8.4606,-11.7799
,8.4606,-11.7799
,8.4606,-11.7799
,8.4606,-11.7799
,8.4606,-11.7799
,8.4606,-11.7799
,8.4606,-11.7799
,8.4606,-11.7799
,8.4606,-11.7799
,8.4606,-11.7799
,8.4606,-11.7799
,8.4606,-11.7799
,8.4606,-11.7799
,8.4606,-11.7799
,8.4606,-11.7799
,1.3521,103.8198
,1.3521,103.8198
,1.3521,103.8198
,1.3521,103.8198
,1.3521,103.8198
,1.3521,103.8198
,1.3521,103.8198
,1.3521,103.8198
,1.3521,103.8198
,1.3521,103.8198
,1.3521,103.8198
,1.3521,103.8198
,1.3521,103.8198
,1.3521,103.8198
,1.3521,103.8198
,1.3521,103.8198
,1.3521,103.8198
,1.3521,103.8198
,1.3521,103.8198
,1.3521,103.8198
,1.3521,103.8198
,1.3521,103.8198
,1.3521,103.8198
,1.3521,103.8198
,1.3521,103.8198
,1.3521,103.8198
,1.3521,103.8198
,1.3521,103.8198
,18.0708,-63.0501
,18.0708,-63.0501
,18.0708,-63.0501
,18.0708,-63.0501
,18.0708,-63.0501
,18.0708,-63.0501
,18.0708,-63.0501
,18.0708,-63.0501
,18.0708,-63.0501
,18.0708,-63.0501
,48.6690,19.6990
,48.6690,19.6990
,48.6690,19.6990
,48.6690,19.6990
,48.6690,19.6990
,48.6690,19.6990
,48.6690,19.6990
,48.6690,19.6990
,48.6690,19.6990
,48.6690,19.6990
,48.6690,19.6990
,48.6690,19.6990
,48.6690,19.6990
,48.6690,19.6990
,48.6690,19.6990
,48.6690,19.6990
,48.6690,19.6990
,46.1512,14.9955
,46.1512,14.9955
,46.1512,14.9955
,46.1512,14.9955
,46.1512,14.9955
,46.1512,14.9955
,46.1512,14.9955
,46.1512,14.9955
,46.1512,14.9955
,46.1512,14.9955
,46.1512,14.9955
,46.1512,14.9955
,46.1512,14.9955
,46.1512,14.9955
,-9.6457,160.1562
,-9.6457,160.1562
,-9.6457,160.1562
,-9.6457,160.1562
,-9.6457,160.1562
,-9.6457,160.1562
,-9.6457,160.1562
,5.1521,46.1996
,5.1521,46.1996
,5.1521,46.1996
,5.1521,46.1996
,5.1521,46.1996
,5.1521,46.1996
,5.1521,46.1996
,5.1521,46.1996
,-30.5595,22.9375
,-30.5595,22.9375
,-30.5595,22.9375
,-30.5595,22.9375
,-30.5595,22.9375
,-30.5595,22.9375
,-30.5595,22.9375
,-30.5595,22.9375
,-30.5595,22.9375
,-30.5595,22.9375
,-30.5595,22.9375
,-30.5595,22.9375
,-30.5595,22.9375
,-30.5595,22.9375
,35.9078,127.7669
,35.9078,127.7669
,35.9078,127.7669
,35.9078,127.7669
,35.9078,127.7669
,35.9078,127.7669
,35.9078,127.7669
,35.9078,127.7669
,35.9078,127.7669
,35.9078,127.7669
,35.9078,127.7669
,35.9078,127.7669
,6.8770,31.3070
,6.8770,31.3070
,6.8770,31.3070
,6.8770,31.3070
,6.8770,31.3070
,6.8770,31.3070
,6.8770,31.3070
,6.8770,31.3070
,40.4637,-3.7492
,40.4637,-3.7492
,40.4637,-3.7492
,40.4637,-3.7492
,40.4637,-3.7492
,40.4637,-3.7492
,40.4637,-3.7492
,40.4637,-3.7492
,40.4637,-3.7492
,40.4637,-3.7492
,40.4637,-3.7492
,40.4637,-3.7492
,40.4637,-3.7492
,40.4637,-3.7492
,40.4637,-3.7492
,40.4637,-3.7492
,40.4637,-3.7492
,40.4637,-3.7492
,40.4637,-3.7492
,40.4637,-3.7492
,7.8731,80.7718
,7.8731,80.7718
,7.8731,80.7718
,7.8731,80.7718
,7.8731,80.7718
,7.8731,80.7718
,7.8731,80.7718
,7.8731,80.7718
,12.8628,30.2176
,12.8628,30.2176
,12.8628,30.2176
,12.8628,30.2176
,12.8628,30.2176
,12.8628,30.2176
,12.8628,30.2176
,12.8628,30.2176
,3.9193,-56.0278
,3.9193,-56.0278
,3.9193,-56.0278
,3.9193,-56.0278
,3.9193,-56.0278
,3.9193,-56.0278
,3.9193,-56.0278
,3.9193,-56.0278
,60.1282,18.6435
,60.1282,18.6435
,60.1282,18.6435
,60.1282,18.6435
,60.1282,18.6435
,60.1282,18.6435
,60.1282,18.6435
,60.1282,18.6435
,60.1282,18.6435
,60.1282,18.6435
,60.1282,18.6435
,60.1282,18.6435
,60.1282,18.6435
,60.1282,18.6435
,60.1282,18.6435
,60.1282,18.6435
,60.1282,18.6435
,60.1282,18.6435
,60.1282,18.6435
,46.8182,8.2275
,46.8182,8.2275
,46.8182,8.2275
,46.8182,8.2275
,46.8182,8.2275
,46.8182,8.2275
,46.8182,8.2275
,46.8182,8.2275
,46.8182,8.2275
,46.8182,8.2275
,46.8182,8.2275
,46.8182,8.2275
,46.8182,8.2275
,46.8182,8.2275
,46.8182,8.2275
,46.8182,8.2275
,46.8182,8.2275
,34.8021,38.9968
,34.8021,38.9968
,34.8021,38.9968
,34.8021,38.9968
,34.8021,38.9968
,34.8021,38.9968
,34.8021,38.9968
,34.8021,38.9968
,34.8021,38.9968
,23.6978,120.9605
,23.6978,120.9605
,23.6978,120.9605
,23.6978,120.9605
,23.6978,120.9605
,23.6978,120.9605
,23.6978,120.9605
,23.6978,120.9605
,23.6978,120.9605
,23.6978,120.9605
,23.6978,120.9605
,23.6978,120.9605
,23.6978,120.9605
,38.8610,71.2761
,38.8610,71.2761
,38.8610,71.2761
,38.8610,71.2761
,38.8610,71.2761
,38.8610,71.2761
,38.8610,71.2761
,38.8610,71.2761
,38.8610,71.2761
,38.8610,71.2761
,38.8610,71.2761
,38.8610,71.2761
,38.8610,71.2761
,38.8610,71.2761
,38.8610,71.2761
,38.8610,71.2761
,38.8610,71.2761
,38.8610,71.2761
,38.8610,71.2761
,-6.3690,34.8888
,-6.3690,34.8888
,-6.3690,34.8888
,-6.3690,34.8888
,-6.3690,34.8888
,-6.3690,34.8888
,-6.3690,34.8888
,-6.3690,34.8888
,15.8700,100.9925
,15.8700,100.9925
,15.8700,100.9925
,15.8700,100.9925
,15.8700,100.9925
,15.8700,100.9925
,15.8700,100.9925
,15.8700,100.9925
,15.8700,100.9925
,8.6195,0.8248
,8.6195,0.8248
,8.6195,0.8248
,8.6195,0.8248
,8.6195,0.8248
,8.6195,0.8248
,8.6195,0.8248
,8.6195,0.8248
,-21.1790,-175.1982
,-21.1790,-175.1982
,-21.1790,-175.1982
,-21.1790,-175.1982
,-21.1790,-175.1982
,-21.1790,-175.1982
,-21.1790,-175.1982
,-21.1790,-175.1982
,10.6918,-61.2225
,10.6918,-61.2225
,10.6918,-61.2225
,10.6918,-61.2225
,10.6918,-61.2225
,10.6918,-61.2225
,10.6918,-61.2225
,10.6918,-61.2225
,10.6918,-61.2225
,10.6918,-61.2225
,10.6918,-61.2225
,10.6918,-61.2225
,33.8869,9.5375
,33.8869,9.5375
,33.8869,9.5375
,33.8869,9.5375
,33.8869,9.5375
,33.8869,9.5375
,33.8869,9.5375
,33.8869,9.5375
,33.8869,9.5375
,33.8869,9.5375
,38.9637,35.2433
,38.9637,35.2433
,38.9637,35.2433
,38.9637,35.2433
,38.9637,35.2433
,38.9637,35.2433
,38.9637,35.2433
,38.9637,35.2433
,38.9637,35.2433
,38.9637,35.2433
,38.9637,35.2433
,38.9637,35.2433
,38.9637,35.2433
,38.9637,35.2433
,38.9637,35.2433
,38.9637,35.2433
,38.9697,59.5563
,38.9697,59.5563
,38.9697,59.5563
,38.9697,59.5563
,38.9697,59.5563
,38.9697,59.5563
,38.9697,59.5563
,38.9697,59.5563
,38.9697,59.5563
,38.9697,59.5563
,38.9697,59.5563
,38.9697,59.5563
,38.9697,59.5563
,38.9697,59.5563
,38.9697,59.5563
,38.9697,59.5563
,38.9697,59.5563
,38.9697,59.5563
,38.9697,59.5563
,21.6940,-71.7979
,21.6940,-71.7979
,21.6940,-71.7979
,21.6940,-71.7979
,-7.1095,177.6493
,-7.1095,177.6493
,-7.1095,177.6493
,-7.1095,177.6493
,-7.1095,177.6493
,-7.1095,177.6493
,-7.1095,177.6493
,-7.1095,177.6493
,-7.1095,177.6493
,-7.1095,177.6493
,-7.1095,177.6493
,-7.1095,177.6493
,-7.1095,177.6493
,-7.1095,177.6493
,-7.1095,177.6493
,-7.1095,177.6493
,-7.1095,177.6493
,-7.1095,177.6493
,-7.1095,177.6493
,-7.1095,177.6493
,-7.1095,177.6493
,-7.1095,177.6493
,-7.1095,177.6493
,-7.1095,177.6493
,-7.1095,177.6493
,-7.1095,177.6493
,-7.1095,177.6493
,-7.1095,177.6493
,1.3733,32.2903
,1.3733,32.2903
,1.3733,32.2903
,1.3733,32.2903
,1.3733,32.2903
,1.3733,32.2903
,1.3733,32.2903
,1.3733,32.2903
,48.3794,31.1656
,48.3794,31.1656
,48.3794,31.1656
,48.3794,31.1656
,48.3794,31.1656
,48.3794,31.1656
,48.3794,31.1656
,48.3794,31.1656
,48.3794,31.1656
,48.3794,31.1656
,48.3794,31.1656
,48.3794,31.1656
,48.3794,31.1656
,48.3794,31.1656
,48.3794,31.1656
,48.3794,31.1656
,48.3794,31.1656
,48.3794,31.1656
,48.3794,31.1656
,23.4241,53.8478
,23.4241,53.8478
,23.4241,53.8478
,23.4241,53.8478
,23.4241,53.8478
,23.4241,53.8478
,23.4241,53.8478
,55.3781,-3.4360
,55.3781,-3.4360
,55.3781,-3.4360
,55.3781,-3.4360
,55.3781,-3.4360
,55.3781,-3.4360
,55.3781,-3.4360
,55.3781,-3.4360
,55.3781,-3.4360
,55.3781,-3.4360
,55.3781,-3.4360
,55.3781,-3.4360
,55.3781,-3.4360
,55.3781,-3.4360
,55.3781,-3.4360
,55.3781,-3.4360
,55.3781,-3.4360
,55.3781,-3.4360
,55.3781,-3.4360
,55.3781,-3.4360
,55.3781,-3.4360
,55.3781,-3.4360
,55.3781,-3.4360
,55.3781,-3.4360
,55.3781,-3.4360
,55.3781,-3.4360
,55.3781,-3.4360
,55.3781,-3.4360
,37.0902,-95.7129
,37.0902,-95.7129
,37.0902,-95.7129
,37.0902,-95.7129
,37.0902,-95.7129
,37.0902,-95.7129
,37.0902,-95.7129
,37.0902,-95.7129
,37.0902,-95.7129
,37.0902,-95.7129
,37.0902,-95.7129
,37.0902,-95.7129
,37.0902,-95.7129
,37.0902,-95.7129
,37.0902,-95.7129
,37.0902,-95.7129
,37.0902,-95.7129
,37.0902,-95.7129
,37.0902,-95.7129
,37.0902,-95.7129
,37.0902,-95.7129
,37.0902,-95.7129
,37.0902,-95.7129
,-32.5228,-55.7658
,-32.5228,-55.7658
,-32.5228,-55.7658
,-32.5228,-55.7658
,-32.5228,-55.7658
,-32.5228,-55.7658
,-32.5228,-55.7658
,-32.5228,-55.7658
,-32.5228,-55.7658
,41.3775,64.5853
,41.3775,64.5853
,41.3775,64.5853
,41.3775,64.5853
,41.3775,64.5853
,41.3775,64.5853
,41.3775,64.5853
,41.3775,64.5853
,41.3775,64.5853
,41.3775,64.5853
,41.3775,64.5853
,41.3775,64.5853
,41.3775,64.5853
,41.3775,64.5853
,41.3775,64.5853
,41.3775,64.5853
,41.3775,64.5853
,41.3775,64.5853
,41.3775,64.5853
,-15.3767,166.9592
,-15.3767,166.9592
,-15.3767,166.9592
,-15.3767,166.9592
,-15.3767,166.9592
,-15.3767,166.9592
,6.4238,-66.5897
,6.4238,-66.5897
,6.4238,-66.5897
,6.4238,-66.5897
,6.4238,-66.5897
,6.4238,-66.5897
,6.4238,-66.5897
,6.4238,-66.5897
,6.4238,-66.5897
,6.4238,-66.5897
,6.4238,-66.5897
,14.0583,108.2772
,14.0583,108.2772
,14.0583,108.2772
,14.0583,108.2772
,14.0583,108.2772
,14.0583,108.2772
,14.0583,108.2772
,14.0583,108.2772
,14.0583,108.2772
,14.0583,108.2772
,14.0583,108.2772
,14.0583,108.2772
,14.0583,108.2772
,-14.2938,-178.1165
,-14.2938,-178.1165
,-14.2938,-178.1165
,-14.2938,-178.1165
,15.5527,48.5164
,15.5527,48.5164
,15.5527,48.5164
,15.5527,48.5164
,15.5527,48.5164
,15.5527,48.5164
,15.5527,48.5164
,15.5527,48.5164
,-13.1339,27.8493
,-13.1339,27.8493
,-13.1339,27.8493
,-13.1339,27.8493
,-13.1339,27.8493
,-13.1339,27.8493
,-13.1339,27.8493
,-13.1339,27.8493
,-19.0154,29.1549
,-19.0154,29.1549
,-19.0154,29.1549
,-19.0154,29.1549
,-19.0154,29.1549
,-19.0154,29.1549
,-19.0154,29.1549
,-19.0154,29.1549
,-19.0154,29.1549
,-19.0154,29.1549
,-19.0154,29.1549
,-19.0154,29.1549